"objectid","ID","STREET","SIDE","LOCATION_","Z_OF_UNMET","LEGISLATIO","DESCRIPTIO","LEG_DATE","shape","data_as_of","analysis_neighborhood","supervisor_district"
"12","86","STEINER ST","E","1000 STEINER ST","6","73-04","FROM 1000 FEET TO 1006 FEET","1899-12-29T16:00:00.000000000-08:00","POINT (-122.433569267 37.77868774)","2018-02-09T23:59:20.000000000-08:00","Western Addition","5"
"117","8","32ND AVE","E","N. ANZA ST.","4",,,,"POINT (-122.492006803 37.778103281)","2018-02-12T20:45:41.000000000-08:00","Outer Richmond","1"
"62","0","21ST ST","S","2965 21ST ST","3",,"FROM 2965 TO 2971 21ST ST","2007-04-23T17:00:00.000000000-07:00","POINT (-122.414031063 37.757444008)","2018-02-09T23:59:20.000000000-08:00","Mission","9"
"29","0","DORLAND ST","S","285 DORLAND ST","3","63-06","BETWEEN 285 AND 295 DORLAND","1899-12-29T16:00:00.000000000-08:00","POINT (-122.429570687 37.761991111)","2018-02-09T23:59:20.000000000-08:00","Castro/Upper Market","8"
"19","94","CARL ST","N","E. WILLARD ST","4","60-05","FROM 13 FEET TO 27 FEET EASTERLY","2006-01-09T16:00:00.000000000-08:00","POINT (-122.454128166 37.765386269)","2018-02-09T23:59:20.000000000-08:00","Inner Sunset","8"
"83","0","WASHINGTON ST","S","1435 WASHINGTON ST","2",,"1435 WASHINGTON ST TO 11 FT EAST","1899-12-29T16:00:00.000000000-08:00","POINT (-122.416864785 37.793750912)","2018-02-09T23:59:20.000000000-08:00","Russian Hill","3"
"100","0","SCOTT ST","E","SCOTT ST AT GROVE ST","4","417-05","FROM GROVE ST TO 16 FEET SOUTHERLY","2005-05-19T17:00:00.000000000-07:00","POINT (-122.43620441 37.776151467)","2018-02-09T23:59:20.000000000-08:00","Hayes Valley","5"
"127","0","PHELAN AVE","W","SOUTH OF CLOUD CIRCLE","33",,"60FT SOUTH END OF CLOUD CIRCLE","1899-12-29T16:00:00.000000000-08:00","POINT (-122.452479653 37.724333455)","2018-02-12T20:42:23.000000000-08:00","West of Twin Peaks","7"
"72","0","ASHBURY ST","WS","W OF ASHBURY N OF WALLER","7","11-023","13 TO 39 FT NORTH OF WALLER","1899-12-29T16:00:00.000000000-08:00","POINT (-122.44690863 37.769288173)","2018-02-09T23:59:20.000000000-08:00","Haight Ashbury","5"
"45","41","RITCH ST","W","N. 230-236 RITCH ST.","3","951-00","FROM 25' TO 35.5' S. OF NORTH PR","2000-11-08T16:00:00.000000000-08:00","POINT (-122.396111066 37.780591782)","2018-02-12T20:38:25.000000000-08:00","South of Market","6"
"142","16","CLAY ST","N","E. LEAVENWORTH ST.","2","761-95","FROM LEAVENWORTH ST. TO 7' EASTE","1995-09-27T17:00:00.000000000-07:00","POINT (-122.415792374 37.793142096)","2018-02-12T20:36:13.000000000-08:00","Nob Hill","3"
"106","33","NOE ST.","W","S. MARKET ST.","2","86-94",,,"POINT (-122.433190501 37.763667591)","2018-02-09T23:59:20.000000000-08:00","Castro/Upper Market","8"
"6","78","TAYLOR ST","W","N. CLAY ST","7","803-02","FROM 70'-94' N.CLAY ST.",,"POINT (-122.412999497 37.793714633)","2018-02-09T23:59:20.000000000-08:00","Nob Hill","3"
"130","0","FOLSOM ST","S","E 9TH ST","2","5407-15","75 TO 85FT EAST OF 9TH ST","2015-05-08T17:00:00.000000000-07:00","POINT (-122.41129577 37.773857753)","2018-02-12T20:54:21.000000000-08:00","South of Market","6"
"70","0","DUNCAN ST","NS","PROP LINE OF 318 DUNCAN","2","11-014","7FT WEST OF 318 DUNCAN ST","1899-12-29T16:00:00.000000000-08:00","POINT (-122.427653303 37.74614043)","2018-02-09T23:59:20.000000000-08:00","Noe Valley","8"
"87","0","INDIANA ST","E","SOUTH OF 23RD ST","3","10-017","1200 BLOCK ON INDIANA ES OF 23RD ST","2010-01-06T16:00:00.000000000-08:00","POINT (-122.39074549 37.754880394)","2018-02-10T00:05:07.000000000-08:00","Potrero Hill","10"
"111","48","TAYLOR ST.","E","N. WASHINGTON ST.","2","761-95","FROM WASHINGTON ST. TO 7' NORTHE","1995-09-27T17:00:00.000000000-07:00","POINT (-122.412948118 37.794586106)","2018-02-09T23:59:20.000000000-08:00","Nob Hill","3"
"78","0","FOLSOM ST","S","W. OF SHERMAN ST","3","4065-12","96-110FT W. OF SHERMAN (1067-1075)","2012-06-07T17:00:00.000000000-07:00","POINT (-122.407207071 37.777085829)","2018-02-09T23:59:20.000000000-08:00","South of Market","6"
"67","0","WALLER ST","N","EAST OF WEBSTER","2","10-071","FROM 40 TO 50 FT EAST OF WEBSTER","1899-12-29T16:00:00.000000000-08:00","POINT (-122.428321303 37.771515933)","2018-02-09T23:59:20.000000000-08:00","Hayes Valley","5"
"140","98","PAGE ST","S","1669 PAGE ST","3","142-04","1669 AND 1673 DRIVEWAYS PAGE STREET","1899-12-29T16:00:00.000000000-08:00","POINT (-122.448154126 37.770727739)","2018-02-12T20:29:23.000000000-08:00","Haight Ashbury","5"
"116","17","CLEMENTINA ST","S","E. 8TH ST.","25","1040-97","FROM 8TH ST. TO 19.5' EASTERLY,","1997-11-20T16:00:00.000000000-08:00","POINT (-122.410275086 37.775579062)","2018-02-12T21:04:05.000000000-08:00","South of Market","6"
"56","50","TAYLOR ST.","E","S. 1328 TAYLOR ST.","2","951-00","FROM D/W FOR 1328 TAYLOR ST. TO","2000-11-08T16:00:00.000000000-08:00","POINT (-122.412975874 37.79472059)","2018-02-09T23:59:20.000000000-08:00","Nob Hill","3"
"143","57","VALLEJO ST","N","W. HYDE ST.","2","695-97","FROM 136' TO 146' W. HYDE ST., 1","1997-07-27T17:00:00.000000000-07:00","POINT (-122.419044682 37.797380263)","2018-02-12T20:55:18.000000000-08:00","Russian Hill","3"
"81","0","KANSAS ST","W","SOUTH OF 16TH ST","3","5022-12","138-151 SOUTH OF 16TH ST","2012-10-04T17:00:00.000000000-07:00","POINT (-122.403752297 37.765569907)","2018-02-09T23:59:20.000000000-08:00","Mission Bay","10"
"77","0","JESSIE ST","W","SOUTH OF MCCOPPIN","4","4064-12","FROM McCOPPIN T 14FT SOUTHERLY","2012-07-23T17:00:00.000000000-07:00","POINT (-122.42113914 37.771499847)","2018-02-09T23:59:20.000000000-08:00","Mission","6"
"129","63","JACKSON ST","S","W. BAKER","2","11-01","BTWN DW #3003 AND #3005","2001-01-11T16:00:00.000000000-08:00","POINT (-122.444746892 37.791066228)","2018-02-12T20:23:05.000000000-08:00","Pacific Heights","2"
"9","82","FILLMORE ST","W","N. HAYES ST","5","730-93","FROM 121' TO 143' NORTH OF HAYES ST","1899-12-29T16:00:00.000000000-08:00","POINT (-122.431350101 37.776046809)","2018-02-09T23:59:20.000000000-08:00","Hayes Valley","5"
"95","68","PIERCE ST","E","S. PAGE ST","2","684-01","FROM 60' TO 67' S. PAGE ST","2001-08-30T17:00:00.000000000-07:00","POINT (-122.433948647 37.772074231)","2018-02-09T23:59:20.000000000-08:00","Haight Ashbury","5"
"54","20","GREEN ST.","N","E. LARKIN ST.","1","98-96",,"1996-02-01T16:00:00.000000000-08:00","POINT (-122.420178777 37.798194193)","2018-02-09T23:59:20.000000000-08:00","Russian Hill","3"
"3","69","17TH ST","N","E. FOLSOM ST","7","820-01","FROM 43.5' TO 72' E. FOLSOM ST","2001-10-21T17:00:00.000000000-07:00","POINT (-122.414466439 37.763913371)","2018-02-09T23:59:20.000000000-08:00","Mission","9"
"46","28","KAPLAN ST","W","N. CLEMENTINA ST.","17","761-95","FROM 110' TO 170' N. CLEMENTINA","1995-09-27T17:00:00.000000000-07:00","POINT (-122.399285968 37.784991772)","2018-02-12T20:41:58.000000000-08:00","Financial District/South Beach","6"
"102","21","GREEN ST.","N","E. LARKIN ST.","1","98-96","FROM 39' TO 42.5' E. LARKIN ST.","1996-02-01T16:00:00.000000000-08:00","POINT (-122.419843176 37.798154678)","2018-02-09T23:59:20.000000000-08:00","Russian Hill","3"
"76","0","TOWNSEND ST","N","W OF THE EMBARCADERO","4","4008-12","FROM 25-39FT WEST OF EMBARCADER0","2012-01-08T16:00:00.000000000-08:00","POINT (-122.38886141 37.781869326)","2018-02-09T23:59:20.000000000-08:00","Financial District/South Beach","6"
"131","0","OCTAVIA BLVD","E","E OF OCTAVIA BLVD","4","208-07","FROM LINDEN ST TO 14 FEET NORTH","2007-04-23T17:00:00.000000000-07:00","POINT (-122.424433201 37.77634112)","2018-02-12T20:34:10.000000000-08:00","Hayes Valley","5"
"47","71","GOLDEN GATE AVE","S","W. PIERCE ST","2","331-02","FROM 127' TO 136.5' W. PIERCE(9.5' Z","2002-05-30T17:00:00.000000000-07:00","POINT (-122.43624211 37.779896787)","2018-02-12T20:23:11.000000000-08:00","Western Addition","5"
"64","0","OAKWOOD ST","W","W.S.FROM 20 TO 30 OAKWOOD","3",,"20 TO 30 OAKWOOD ST","1899-12-29T16:00:00.000000000-08:00","POINT (-122.425074513 37.761042903)","2018-02-09T23:59:20.000000000-08:00","Mission","8"
"34","0","FOLSOM ST","N","EAST OF 10TH ST","6","171017-131","19 feet to 38 ft east of 10th st","2017-10-16T17:00:00.000000000-07:00","POINT (-122.412750617 37.772932551)","2018-02-12T20:40:47.000000000-08:00","South of Market","6"
"122","1","16TH ST","N","W. DE HARO ST.","14","897-96","FROM DE HARO ST. TO 50' WESTERLY","1996-10-14T17:00:00.000000000-07:00","POINT (-122.402137745 37.766202093)","2018-02-12T20:48:07.000000000-08:00","Mission Bay","6"
"2","67","PIERCE ST","W","S. PAGE ST","2","684-01","FROM 39' TO 46' S. PAGE ST","2001-08-30T17:00:00.000000000-07:00","POINT (-122.438460695 37.77288343)","2018-02-09T23:59:20.000000000-08:00","Haight Ashbury","5"
"57","60","VALLEJO ST.","N","W. HYDE ST.","2","695-97","FROM 116' TO 125' W. HYDE ST., 9","1997-07-27T17:00:00.000000000-07:00","POINT (-122.419408421 37.797355066)","2018-02-09T23:59:20.000000000-08:00","Russian Hill","3"
"123","95","FREDERICK ST","S","E. ARGUELLO ST","10","73-04","FROM THE EAST END TO 8 FEET WESTERLY","1899-12-29T16:00:00.000000000-08:00","POINT (-122.455202031 37.765945503)","2018-02-12T20:44:25.000000000-08:00","Inner Sunset","8"
"55","40","PINE ST.","S","E. DIVISADERO ST.","3","1003-98","FROM 17' TO 30' E. DIVISADERO ST","1998-12-10T16:00:00.000000000-08:00","POINT (-122.439688771 37.787089451)","2018-02-09T23:59:20.000000000-08:00","Pacific Heights","2"
"98","90","DOLORES ST","E","S. DUNCAN","3","654-04","DUNCAN ST TO A POINT 19 FEET SOUTHER","1899-12-29T16:00:00.000000000-08:00","POINT (-122.42443361 37.746008677)","2018-02-09T23:59:20.000000000-08:00","Noe Valley","8"
"89","0","20TH ST","S","3635 AND 3641 20TH ST","3",,"BETWEEN THE 2 DRIVEWAYS","1899-12-29T16:00:00.000000000-08:00","POINT (-122.422129883 37.758358519)","2018-02-10T00:05:34.000000000-08:00","Mission","9"
"118","0","HARRIET ST","W","N. BRYANT ST","12","243-06","245 FEET TO 295 FEET N. OF BRYANT","2006-02-27T16:00:00.000000000-08:00","POINT (-122.403461026 37.775718202)","2018-02-12T20:33:09.000000000-08:00","South of Market","6"
"15","89","DOLORES ST","E","E. DOLORESST","2","196-05","FROM EBETWEEN 401AND 405 DOLORES ST","1968-03-23T20:20:38.400000000-08:00","POINT (-122.426343187 37.762841553)","2018-02-09T23:59:20.000000000-08:00","Castro/Upper Market","8"
"69","0","MONTGOMERY ST","E","N OF ALTA","1","10-128","10 TO 17 FT N OF ALTA","1899-12-29T16:00:00.000000000-08:00","POINT (-122.404422432 37.801605969)","2018-02-09T23:59:20.000000000-08:00","North Beach","3"
"133","15","CHESTNUT ST","S","W. LARKIN ST.","1","98-96","FROM 18' TO 21.5' W. LARKIN ST.","1996-02-01T16:00:00.000000000-08:00","POINT (-122.421766142 37.802569128)","2018-02-12T20:36:09.000000000-08:00","Russian Hill","3"
"28","0","SHOTWELL ST","W","908 SHOTWELL ST","2","474-05","BETWEEN 908 AND 910 SHOTWELL ST","2005-07-14T17:00:00.000000000-07:00","POINT (-122.415516347 37.753844802)","2018-02-09T23:59:20.000000000-08:00","Mission","9"
"132","30","FRANCISCO ST","S","S. FRANCISCO ST.","2","196-05","BETWEEN DRIVEWAYS OF 1567-1575","2005-04-13T17:00:00.000000000-07:00","POINT (-122.430563006 37.802300142)","2018-02-12T20:41:04.000000000-08:00","Marina","2"
"44","0","RUSS ST","W","NORTH OF FOLSOM","1","11-117","150 TO 153 FT NORTH OF FOLSOM","1899-12-29T16:00:00.000000000-08:00","POINT (-122.407356828 37.777987433)","2018-02-12T20:49:40.000000000-08:00","South of Market","6"
"112","52","TAYLOR ST.","W","S. VALLEJO ST.","2","57-97","FROM 15' TO 22' N. O THE SOUTH P","1997-01-30T16:00:00.000000000-08:00","POINT (-122.413743309 37.797318963)","2018-02-09T23:59:20.000000000-08:00","Nob Hill","3"
"97","83","SANCHEZ ST","W","N. 16TH ST","3","730-93","FROM 16TH ST TO APPROX. 13 FEET NORT","1899-12-29T16:00:00.000000000-08:00","POINT (-122.431033786 37.764576315)","2018-02-09T23:59:20.000000000-08:00","Castro/Upper Market","8"
"53","97","BAKER ST","E","N. HAYES ST","1","390-04","BETWEEN 420 AND 430 DRIVEWAYS","1899-12-29T16:00:00.000000000-08:00","POINT (-122.441006129 37.774958648)","2018-02-09T23:59:20.000000000-08:00","Hayes Valley","5"
"108","99","PAGE ST.","N","936 PAGE ST","2","60-05","BETWEEN DRIVEWAYS OF  940 and 932","2005-01-09T16:00:00.000000000-08:00","POINT (-122.436916765 37.772370424)","2018-02-09T23:59:20.000000000-08:00","Haight Ashbury","5"
"25","0","NORFOLK ST","S","55 NORFOLK ST","2","548-05","BETWEEN 49 AND 51","2005-08-14T17:00:00.000000000-07:00","POINT (-122.413572639 37.770860492)","2018-02-09T23:59:20.000000000-08:00","Mission","6"
"92","0","FILBERT ST","S","EAST OF LAGUNA ST","3",,"FROM 1885 AND 1879 FILBERT","1899-12-29T16:00:00.000000000-08:00","POINT (-122.430328377 37.79859262)","2018-02-10T00:00:10.000000000-08:00","Marina","2"
"75","0","KISSLING ST","SS","EAST OF 11TH ST","3",,"ADDRESSES 57/59/61","1899-12-29T16:00:00.000000000-08:00","POINT (-122.414473875 37.772999082)","2018-02-09T23:59:20.000000000-08:00","South of Market","6"
"135","99","06TH AVE","E","S. BALBOA ST","1","390-04","1 SPACE BETWEEN 620 AND 624 DRIVEWAY","1899-12-29T16:00:00.000000000-08:00","POINT (-122.463836099 37.776842596)","2018-02-12T20:45:39.000000000-08:00","Inner Richmond","1"
"128","14","CENTRAL AVE","E","N. FULTON ST.","4","899-98","FROM 36' TO 50' N. FULTON ST. ,","1998-11-05T16:00:00.000000000-08:00","POINT (-122.444722174 37.776356379)","2018-02-12T20:36:06.000000000-08:00","Lone Mountain/USF","2"
"105","32","LONDON ST.","E","S. 335-337 LONDON ST.","3","951-00","FROM 13' TO 23.5' S. OF NORTH PR","2000-11-08T16:00:00.000000000-08:00","POINT (-122.434327526 37.723733364)","2018-02-09T23:59:20.000000000-08:00","Excelsior","11"
"14","88","DOLORES ST","W","N. 28TH ST","4","73-04","FROM 8 FEET TO 22 FEET N. OF 28TH ST","1899-12-29T16:00:00.000000000-08:00","POINT (-122.426587001 37.768882885)","2018-02-09T23:59:20.000000000-08:00","Mission","8"
"120","9","03RD AVE","E","362-358 3RD AVE.","3","1033-94","FROM 6' S OF N. PROPERTY LINE OF","1994-12-22T16:00:00.000000000-08:00","POINT (-122.461008644 37.78182817)","2018-02-12T20:26:20.000000000-08:00","Inner Richmond","1"
"5","75","HAYES ST","N","E. BRODERICK ST","2","532-02","BTWN DW FOR #1366&1370 HAYES(12'ZONE","2002-08-15T17:00:00.000000000-07:00","POINT (-122.43893585 37.774936149)","2018-02-09T23:59:20.000000000-08:00","Hayes Valley","5"
"79","0","GOLDEN GATE AVE","N","E OF DIVISADERO ST","2","5018-12","BTWN (1674-1680) GOLDEN GATE AVE","2012-09-25T17:00:00.000000000-07:00","POINT (-122.43814059 37.778958527)","2018-02-09T23:59:20.000000000-08:00","Western Addition","5"
"7","79","GREEN ST","S","E. MONTGOMERY","9","75-03","FROM MONTGOMERY TO 31.5' EASTERLY","1899-12-29T16:00:00.000000000-08:00","POINT (-122.403962298 37.800045371)","2018-02-09T23:59:20.000000000-08:00","North Beach","3"
"136","19","FILBERT ST","S","SANSOME ST","3","246-92","Filbert, S, 60 to 68 ft W of Sansome","2016-05-05T17:00:00.000000000-07:00","POINT (-122.403233292 37.802073982)","2018-02-12T20:40:25.000000000-08:00","North Beach","3"
"48","12","CALIFORNIA ST","N","E. CUSHMAN ST.","5","953-95","FROM CUSHMAN ST. TO 18' EASTERLY","1995-11-19T16:00:00.000000000-08:00","POINT (-122.411317998 37.791898071)","2018-02-12T20:26:23.000000000-08:00","Nob Hill","3"
"27","0","SHOTWELL ST","E","339 SHOTWELL ST","6","417-05","BETWEEN 337 AND 339","2005-05-19T17:00:00.000000000-07:00","POINT (-122.416028873 37.763489355)","2018-02-09T23:59:20.000000000-08:00","Mission","9"
"91","0","07TH ST","W","W. OF 7TH ST","5",,"93 FEET TO 112 FEET N. OF TOWNSEND","2007-01-22T16:00:00.000000000-08:00","POINT (-122.402154348 37.771645459)","2018-02-09T23:59:20.000000000-08:00","South of Market","6"
"124","100","07TH STREET","W","N. TOWNSEND ST","6","654-04","FROM 76 FEET TO 97 FEET NORTH OF TOW","1899-12-29T16:00:00.000000000-08:00","POINT (-122.402091422 37.771981769)","2018-02-12T20:49:02.000000000-08:00","South of Market","6"
"32","0","TAYLOR ST","E","E. OF TAYLOR ST","6","456-07","FROM PINE ST TO 25 FEET SOUTH","2007-08-06T17:00:00.000000000-07:00","POINT (-122.412097185 37.790498276)","2018-02-09T23:59:20.000000000-08:00","Nob Hill","3"
"94","0","07TH ST","W","NORTH OF KING ST","11","5567-16","10.5 TO 53FT NORTH OF KING ST","2016-03-03T16:00:00.000000000-08:00","POINT (-122.401130423 37.771236375)","2018-02-10T00:04:36.000000000-08:00","Mission Bay","6"
"20","96","FREDERICK ST","N","W. DELMAR","2",,"FROM DELMAR STREET 9FEET WESTERLY","1899-12-29T16:00:00.000000000-08:00","POINT (-122.44573867 37.76739751)","2018-02-09T23:59:20.000000000-08:00","Haight Ashbury","5"
"39","0","WASHINGTON ST","S","2921 WASHINGTON ST","4","456-07","BTWN THE DRIVEWAYS","2007-05-06T17:00:00.000000000-07:00","POINT (-122.441410221 37.790593285)","2018-02-12T20:48:25.000000000-08:00","Pacific Heights","2"
"114","18","DUBOCE ST","S","E. VALENCIA ST.","12","1003-98","FROM 134' TO 176' E. VALENCIA ST","1998-12-10T16:00:00.000000000-08:00","POINT (-122.421840501 37.769790508)","2018-02-12T20:40:20.000000000-08:00","Mission","9"
"68","0","BOARDMAN PLACE","W","SOUTH OF BRYANT ST","2","10-071","FROM 117 TO 123 FT S. OF BRYANT","1899-12-29T16:00:00.000000000-08:00","POINT (-122.403276781 37.774800045)","2018-02-09T23:59:20.000000000-08:00","South of Market","6"
"113","53","TAYLOR ST.","W","N. WASHINGTON ST.","2","761-95","FROM 31' TO 38' N. WASHINGON ST.","1995-09-27T17:00:00.000000000-07:00","POINT (-122.413217364 37.794793778)","2018-02-09T23:59:20.000000000-08:00","Nob Hill","3"
"82","0","TAYLOR ST","W","S. OF PACIFIC AVE","2","5036-12","8-16FT SOUTH OF PACIFIC AVE","2012-11-15T16:00:00.000000000-08:00","POINT (-122.413450258 37.795957056)","2018-02-09T23:59:20.000000000-08:00","Nob Hill","3"
"58","0","GREENWICH ST","S","990 GREENWICH ST","2","662-06","7.4 FEET TO 16 FEET EAST OF JONES S","2006-11-19T16:00:00.000000000-08:00","POINT (-122.415957135 37.801416715)","2018-02-09T23:59:20.000000000-08:00","Russian Hill","3"
"84","34","OCTAVIA ST.","E","S. HAIGHT ST.","6","117-95","FROM 5' TO 26' S. HAIGHT ST. , 2","1995-02-23T16:00:00.000000000-08:00","POINT (-122.424188952 37.775497643)","2018-02-09T23:59:20.000000000-08:00","Hayes Valley","5"
"23","30","LARKIN ST.","W","N. FILBERT ST.","2","695-97","FROM 85' TO 92' N. FILNERT ST.,","1997-07-27T17:00:00.000000000-07:00","POINT (-122.420893572 37.799289486)","2018-02-09T23:59:20.000000000-08:00","Russian Hill","3"
"16","91","12TH ST","E","S. KISSLING ST","1","553-04","FROM 119 FEET TO 140 FEET SOUTH OF K","1899-12-29T16:00:00.000000000-08:00","POINT (-122.415672704 37.771337413)","2018-02-09T23:59:20.000000000-08:00","Mission","6"
"40","0","FOLSOM ST","S","E 10TH ST","4","171017-131","39 to 50 feet east of 10th Street","2017-10-16T17:00:00.000000000-07:00","POINT (-122.412574931 37.772939646)","2018-02-12T20:55:03.000000000-08:00","South of Market","6"
"99","89","NOE ST","E","E. ELIZABETH ST","2","281-04","FROM ELIZABETH ST TO 11 FEET SOUTHER","1899-12-29T16:00:00.000000000-08:00","POINT (-122.431808808 37.752121054)","2018-02-09T23:59:20.000000000-08:00","Noe Valley","8"
"36","3","19TH AVE","W","N. HOLLOWAY AVE.","29","464-96","FROM 800' TO 900' N. HOLLOWAY AV","1996-05-29T17:00:00.000000000-07:00","POINT (-122.475334519 37.723584463)","2018-02-12T20:35:57.000000000-08:00","Lakeshore","7"
"61","44","ROSE ST.","N","W. MARKET ST.","5","235-98","FROM MARKET ST. TO 26' WESTERLY,","1998-04-09T17:00:00.000000000-07:00","POINT (-122.421626631 37.7737549)","2018-02-09T23:59:20.000000000-08:00","Hayes Valley","6"
"80","0","NOE ST","E","SOUTH OF DUBOCE ST","3","5018-12","225-236 SOUTH OF DUBOCE","2012-09-25T17:00:00.000000000-07:00","POINT (-122.433379259 37.768666234)","2018-02-09T23:59:20.000000000-08:00","Castro/Upper Market","8"
"121","56","VALLEJO ST","N","E. LARKIN ST.","2","695-97","FROM 133' TO 143' E. OF LARKIN S","1997-07-27T17:00:00.000000000-07:00","POINT (-122.419917854 37.797327497)","2018-02-12T20:55:22.000000000-08:00","Russian Hill","3"
"30","0","BARTLETT ST","S","S OF 1125 VALENCIA DRIVEWAY","4","08-018","100 BLOCK OF BARTLETT ST (17 FEET)","2008-01-30T16:00:00.000000000-08:00","POINT (-122.419873473 37.754686961)","2018-02-09T23:59:20.000000000-08:00","Mission","9"
"22","87","WALLER ST","S","231 AND 235 WALLER ST","2","73-04","FROM 231 FEET TO 235 FEET OF WALLER","1899-12-29T16:00:00.000000000-08:00","POINT (-122.427551807 37.771429166)","2018-02-09T23:59:20.000000000-08:00","Hayes Valley","5"
"144","0","10TH AVE","E","1365-1371 10TH AVE","2","243-06","1365-1371 10TH AVENUE","2006-02-27T16:00:00.000000000-08:00","POINT (-122.468181329 37.778615728)","2018-02-12T20:33:02.000000000-08:00","Inner Richmond","1"
"4","73","NOE ST","W","S. MARKET ST","2","449-02","BTWN DRIVEWAYS FOR #334&338 NOE ST(7",,"POINT (-122.433170779 37.763390995)","2018-02-09T23:59:20.000000000-08:00","Castro/Upper Market","8"
"109","37","PETER YORKE ST.","S","E. GEARY BLVD.","6","897-96","FROM 80' TO 105' E. GEARY BLVD.","1996-10-14T17:00:00.000000000-07:00","POINT (-122.423975497 37.785723518)","2018-02-09T23:59:20.000000000-08:00","Western Addition","2"
"11","85","GREENWICH ST","S","E. HYDE ST","1","73-04","FROM 35.5 FEET TO 39 FEET SOUTH OF T","1899-12-29T16:00:00.000000000-08:00","POINT (-122.419171644 37.801145398)","2018-02-09T23:59:20.000000000-08:00","Russian Hill","3"
"26","0","27TH ST","N","324 27TH ST","2","417-05","BETWEEN 318 AND 322","2005-05-19T17:00:00.000000000-07:00","POINT (-122.421933449 37.747348328)","2018-02-09T23:59:20.000000000-08:00","Noe Valley","9"
"74","0","OCTAVIA ST","WS","NORTH OF HAYES ST","4",,"FROM HAYES ST TO 18FT NORTHERLY","1899-12-29T16:00:00.000000000-08:00","POINT (-122.424792439 37.776914534)","2018-02-09T23:59:20.000000000-08:00","Hayes Valley","5"
"101","67","PIERCE ST","W","S. PAGE ST","2","684-01","FROM 39' TO 46' S. PAGE ST","2001-08-30T17:00:00.000000000-07:00","POINT (-122.433982111 37.772329201)","2018-02-09T23:59:20.000000000-08:00","Haight Ashbury","5"
"73","0","TAYLOR ST","ES","SOUTH OF PACIFIC AVE","1",,"116 TO 121 FT SOUTH OF PACIFIC AVE","1899-12-29T16:00:00.000000000-08:00","POINT (-122.413153691 37.795649214)","2018-02-09T23:59:20.000000000-08:00","Nob Hill","3"
"13","87","15TH ST","N","E. HARRISON ST","2","196-05","FROM HARRISON ST TO 7 FEET EASTERLY","2005-04-13T17:00:00.000000000-07:00","POINT (-122.413033613 37.766838791)","2018-02-09T23:59:20.000000000-08:00","Mission","9"
"110","42","RITCH ST.","W","S. BRYANT ST.","2","173-99","FROM 71' TO 78' S. BRYANT ST., 7","1999-03-11T16:00:00.000000000-08:00","POINT (-122.395749897 37.780282157)","2018-02-09T23:59:20.000000000-08:00","South of Market","6"
"60","0","OCTAVIA ST","ES","NORTH OF FRANCISCO ST","3",,"98 TO 107 FT NORTH OF FRANCISCO","1899-12-29T16:00:00.000000000-08:00","POINT (-122.42977166 37.802764554)","2018-02-09T23:59:20.000000000-08:00","Marina","2"
"86","49","TAYLOR ST.","E","S. WASHINGTON ST.","2","761-95","FROM WASHINGTON ST. TO 7' SOUTHE","1995-09-27T17:00:00.000000000-07:00","POINT (-122.412862366 37.794086309)","2018-02-09T23:59:20.000000000-08:00","Nob Hill","3"
"49",,"DUBOCE ST","N","East of VALENCIA ST.",,"181204-153","Duboce, N side, 57 to 92 ft E of Va","2019-02-03T16:00:00.000000000-08:00","POINT (-122.422066568 37.769965658)","2019-02-08T23:09:48.000000000-08:00","Mission","9"
"90","0","08TH ST","E","E SIDE OF 8TH ST","6",,"93 FEET TO 112 FEET N. OF HERON","2007-03-05T16:00:00.000000000-08:00","POINT (-122.408801388 37.774314605)","2018-02-09T23:59:29.000000000-08:00","South of Market","6"
"37","62","04TH AVE","E","S. CORNWALL ST.","2","44-02","FROM 278' TO 286.5' S. CORNWALL","2002-01-31T16:00:00.000000000-08:00","POINT (-122.463323246 37.783813667)","2018-02-12T20:23:01.000000000-08:00","Inner Richmond","1"
"65","0","FREELON ST","N","E. OF 4TH ST","6",,"FROM 108FT TO 139 FT E. OF 4TH ST","1899-12-29T16:00:00.000000000-08:00","POINT (-122.396709405 37.779132457)","2018-02-09T23:59:20.000000000-08:00","South of Market","6"
"141","5","19TH ST","N","W. LINDA ST.","3","1040-97","13' ZONE","1997-11-20T16:00:00.000000000-08:00","POINT (-122.423225916 37.760104968)","2018-02-12T20:45:44.000000000-08:00","Mission","9"
"50","0","COLERIDGE ST","W","S OF SOUTHERLY PROP.LINE","6","10-121","#88 COLERIDGE ST","1899-12-29T16:00:00.000000000-08:00","POINT (-122.419384264 37.744412546)","2018-02-09T23:59:20.000000000-08:00","Bernal Heights","9"
"24","51","TAYLOR ST.","W","S. VALLEJO ST.","1","57-97","FROM 1.5' TO 5' N. OF THE SOUT P","1997-01-30T16:00:00.000000000-08:00","POINT (-122.413803594 37.797617898)","2018-02-09T23:59:20.000000000-08:00","Nob Hill","3"
"134","4","19TH AVE","W","N. HOLLOWAY AVE.","32","1040-97","FROM 320' TO 432' N. HOLLOWAY AV",,"POINT (-122.475381111 37.72245978)","2018-02-12T20:35:49.000000000-08:00","Lakeshore","7"
"59","0","TAYLOR ST","E","S OF CHESTNUT ST","3","10-002","E OF TAYLOR ST 13 FT S. OF CHESTNUT","2010-02-06T16:00:00.000000000-08:00","POINT (-122.41467832 37.803177779)","2018-02-09T23:59:20.000000000-08:00","Russian Hill","3"
"107","35","PAGE ST.","N","W. FRANKLIN ST.","4",,,,"POINT (-122.421399432 37.774345661)","2018-02-09T23:59:20.000000000-08:00","Hayes Valley","6"
"125","61","24TH ST","S","W. CASTRO ST","2","44-02","FROM 258' TO 267.5'  W. CASTRO S","2002-01-31T16:00:00.000000000-08:00","POINT (-122.435004614 37.751156069)","2018-02-12T20:50:03.000000000-08:00","Noe Valley","8"
"33","0","SACRAMENTO ST","S","EAST OF LAGUNA ST","2",,"INFRONT OF 2171 SACRAMENTO ST","1899-12-29T16:00:00.000000000-08:00","POINT (-122.428630637 37.790422133)","2018-02-12T20:49:35.000000000-08:00","Pacific Heights","2"
"138","51","BROADWAY","S","E JONES ST","1","303-05","1067 BROADWAY","2005-04-17T17:00:00.000000000-07:00","POINT (-122.41478406 37.796565539)","2018-02-12T20:48:02.000000000-08:00","Nob Hill","3"
"93","0","FULTON ST","S","WEST OF GOUGH ST","4",,"459 FULTON ST","1899-12-29T16:00:00.000000000-08:00","POINT (-122.424321129 37.778490438)","2018-02-10T00:04:54.000000000-08:00","Hayes Valley","5"
"41","0","14TH ST","N","E OF BELCHER ST","6","10-065","FROM 3 TO 10 FT EAST OF BELCHER","1899-12-29T16:00:00.000000000-08:00","POINT (-122.429933255 37.767751316)","2018-02-12T21:06:10.000000000-08:00","Castro/Upper Market","8"
"126",,"FOLSOM ST","S","81 to 88 feet east of 10th","2","171017-131","from 81 to 88 feet east of 10th","2017-10-16T17:00:00.000000000-07:00","POINT (-122.41235412 37.773100483)","2018-02-12T20:40:38.000000000-08:00","South of Market","6"
"42","24","HARRISON ST","N","W. 9TH ST.","5","668-92",,,"POINT (-122.410487606 37.772382733)","2018-02-12T20:41:17.000000000-08:00","South of Market","6"
"137","22","GUERRERO ST","E","S. MARKET ST.","3","235-98","FROM MARKET ST. TO 18' SOUTHERLY","1998-04-09T17:00:00.000000000-07:00","POINT (-122.424530118 37.770657751)","2018-02-12T20:41:13.000000000-08:00","Mission","8"
"21","36","PAGE ST.","S","W. 721 PAGE ST.","2","1004-99","FROM 4' E. OF THE WEST PROPERTY","1999-11-23T16:00:00.000000000-08:00","POINT (-122.432767069 37.772845519)","2018-02-09T23:59:20.000000000-08:00","Haight Ashbury","5"
"88","0","08TH ST","SW","W OF WISCONSIN","10","09-186","8TH ST SW OF WISCONSIN ST","2009-12-11T16:00:00.000000000-08:00","POINT (-122.400024216 37.766678159)","2018-02-10T00:04:14.000000000-08:00","Mission Bay","6"
"31","0","HYDE ST","W","2037 HYDE ST","2","456-07","FROM 2037 TO 2041 HYDE ST","2007-08-06T17:00:00.000000000-07:00","POINT (-122.419255714 37.79969783)","2018-02-09T23:59:20.000000000-08:00","Russian Hill","3"
"17","92","DOLORES ST","W","N. 28TH ST","4","73-04","FROM 8 FEET TO 22 FEET NORTH OF 28TH",,"POINT (-122.424672398 37.745657171)","2018-02-09T23:59:20.000000000-08:00","Noe Valley","8"
"63","0","27TH AVE","W","671 27TH AVE","1",,"671 27TH AVE","1899-12-29T16:00:00.000000000-08:00","POINT (-122.486817688 37.777423579)","2018-02-09T23:59:20.000000000-08:00","Outer Richmond","1"
"104","31","LEAVENWORTH ST.","E","N. CLAY ST.","2","761-95","FROM CLAY ST. TO 7' NORTHERLY","1995-09-27T17:00:00.000000000-07:00","POINT (-122.415982701 37.793272187)","2018-02-09T23:59:20.000000000-08:00","Nob Hill","3"
"115","19","FOLSOM ST","S","W. 8TH ST.","5","246-92",,,"POINT (-122.410468834 37.774513965)","2018-02-12T20:27:39.000000000-08:00","South of Market","6"
"18","93","HAYES ST","N","W. BRODERICK ST","1","142-04","WITHIN THE NINE FOOT CURB","1899-12-29T16:00:00.000000000-08:00","POINT (-122.440235816 37.774733056)","2018-02-09T23:59:20.000000000-08:00","Hayes Valley","5"
"119","0","PHELAN AVE","E","NORTH OF CLOUD CIRCLE","21",,"FROM N OF CLOUD CIRCLE TO","1899-12-29T16:00:00.000000000-08:00","POINT (-122.452237092 37.726713208)","2018-02-12T20:42:25.000000000-08:00","West of Twin Peaks","7"
"35","72","04TH AVE","E","S. CORNWALL ST","2","376-02","FROM 120' TO 130' S. CORNWALL(IN FRO","2002-06-13T17:00:00.000000000-07:00","POINT (-122.462249186 37.784569363)","2018-02-12T20:38:18.000000000-08:00","Inner Richmond","1"
"8","81","NOE ST","W","S. 15TH ST.","2","445-03","FROM 47' SOUTH OF 15TH ST","1899-12-29T16:00:00.000000000-08:00","POINT (-122.433382718 37.765652002)","2018-02-09T23:59:20.000000000-08:00","Castro/Upper Market","8"
"139","0","13TH ST","NS","EAST OF SOUTH  VAN NESS","3",,"6 TO 16 FT EAST OF SOUTH VANNESS","1899-12-29T16:00:00.000000000-08:00","POINT (-122.417162536 37.769974646)","2018-02-12T20:32:34.000000000-08:00","Mission","6"
"1","66","OCTAVIA ST","W","N. FRANCISCO ST","3","611-01","FROM 49' TO 60' N. FRANCISCO ST","2001-08-02T17:00:00.000000000-07:00","POINT (-122.430070598 37.802862696)","2018-02-09T23:59:20.000000000-08:00","Marina","2"
"38","27","KAPLAN ST","W","N. CLEMENTINA ST.","35","897-96","FROM CLEMENTINA ST. TO 110' NORT",,"POINT (-122.398990326 37.784828305)","2018-02-12T20:27:43.000000000-08:00","Financial District/South Beach","6"
"66","0","SACRAMENTO ST","N","W OF LEAVENWORTH","2","10-035","BTWN 1442 AND 1456 DRIVEWAYS","1899-12-29T16:00:00.000000000-08:00","POINT (-122.41684776 37.792086701)","2018-02-09T23:59:20.000000000-08:00","Nob Hill","3"
"85","43","RITCH ST.","W","S. BRYANT ST.","3","173-99","FROM 92' TO 103' S. BRYANT ST.,","1999-03-11T16:00:00.000000000-08:00","POINT (-122.395412141 37.780024729)","2018-02-09T23:59:20.000000000-08:00","South of Market","6"
"52","0","20TH ST","N","3618 20TH ST","1",,"105.5FT  WEST O VALENCIA","1899-12-29T16:00:00.000000000-08:00","POINT (-122.421853485 37.758551495)","2018-02-09T23:59:20.000000000-08:00","Mission","9"
"10","84","HILL ST","N","N. HILL ST","5","73-04","BTWN GUERRERO AND VALENCIA, 16 HILL","1899-12-29T16:00:00.000000000-08:00","POINT (-122.421717025 37.75614539)","2018-02-09T23:59:20.000000000-08:00","Mission","9"
"103","29","LARKIN ST","W","N. GREEN ST.","2","98-96","FROM 170' TO 177' N. GREEN ST.,","1996-02-01T16:00:00.000000000-08:00","POINT (-122.420493499 37.797369527)","2018-02-09T23:59:20.000000000-08:00","Russian Hill","3"
"71","0","HAYES ST","SS","EAST OF BRODERICK ST","4","11-014","95 TO 109 FT EAST OF BRODERICK","1899-12-29T16:00:00.000000000-08:00","POINT (-122.439052318 37.774735657)","2018-02-09T23:59:20.000000000-08:00","Hayes Valley","5"
"96","76","WALLER ST","N","W. BELVEDERE ST","1","532-02","FROM 100'-109.5' W.BELVEDERE(1570-15","2002-08-15T17:00:00.000000000-07:00","POINT (-122.45000432 37.768735199)","2018-02-09T23:59:20.000000000-08:00","Haight Ashbury","5"
"43","0","BROADWAY","N","W OF LEAVENWORTH ST","3","5018-12","BTWN 1254-1260 BROADWAY","2012-09-25T17:00:00.000000000-07:00","POINT (-122.417755331 37.796588168)","2018-02-12T20:49:13.000000000-08:00","Russian Hill","3"
"51","0","LEAVENWORTH ST","E","N OF GEARY ST","5","4084-12","630 LEAVENWORTH (118-140)","2012-07-22T17:00:00.000000000-07:00","POINT (-122.414784749 37.787001989)","2018-02-09T23:59:20.000000000-08:00","Tenderloin","3"
